{
  "$schema": "https://railway.app/railway.schema.json",
  "build": {
    "builder": "NIXPACKS",
    "nixpacksPlan": {
      "phases": {
        "install": {
          "cmds": ["npm install --legacy-peer-deps && npm install serve"]
        },
        "build": {
          "cmds": ["npm run build"]
        }
      }
    }
  },
  "deploy": {
    "startCommand": "npx serve dist -s -l $PORT",
    "healthcheckPath": "/",
    "healthcheckTimeout": 60,
    "numReplicas": 1,
    "restartPolicyType": "ON_FAILURE",
    "restartPolicyMaxRetries": 10
  }
}
